year,town_classification,flat_type,resale_price,adjusted_price,price_per_sqm,adjusted_price_per_sqm
1990,Mature,1 ROOM,7500.0,13405.5,258.06451612903226,461.2645161290323
1990,Mature,2 ROOM,18900.0,33781.86,414.6341463414634,741.1170731707317
1990,Mature,3 ROOM,45000.0,80433.0,647.7272727272727,1157.7477272727274
1990,Mature,4 ROOM,82000.0,146566.8,876.2395679921453,1566.1906038291604
1990,Mature,5 ROOM,138000.0,246661.2,1124.7950819672133,2010.4587295081965
1990,Mature,EXECUTIVE,203500.0,363735.9,1344.3708609271523,2402.928476821192
1990,Non-Mature,2 ROOM,16800.0,30028.32,294.7368421052632,526.8126315789474
1990,Non-Mature,3 ROOM,40000.0,71496.0,570.2702702702703,1019.3010810810812
1990,Non-Mature,4 ROOM,72000.0,128692.8,770.0320512820513,1376.3552884615383
1990,Non-Mature,5 ROOM,121750.0,217615.95,947.3880597014926,1693.3614179104477
1990,Non-Mature,EXECUTIVE,179000.0,319944.6,1191.2645853043205,2129.2663197729416
1991,Mature,1 ROOM,8000.0,13978.4,275.86206896551727,482.0137931034483
1991,Mature,2 ROOM,19000.0,33198.7,419.6078431372549,733.1807843137256
1991,Mature,3 ROOM,46000.0,80375.79999999999,676.9230769230769,1182.7876923076922
1991,Mature,4 ROOM,84000.0,146773.2,909.0909090909092,1588.4545454545455
1991,Mature,5 ROOM,146250.0,255542.625,1196.5811965811963,2090.7863247863247
1991,Mature,EXECUTIVE,204000.0,356449.19999999995,1385.1351351351352,2420.2466216216217
1991,Non-Mature,3 ROOM,42000.0,73386.6,617.6470588235294,1079.214705882353
1991,Non-Mature,4 ROOM,71500.0,124931.95,766.6666666666666,1339.5966666666666
1991,Non-Mature,5 ROOM,123000.0,214917.9,954.8872180451128,1668.4744360902257
1991,Non-Mature,EXECUTIVE,177250.0,309708.925,1180.645161290323,2062.9412903225807
1991,Non-Mature,MULTI GENERATION,165000.0,288304.5,1045.4692295267323,1826.7483847520593
1992,Mature,1 ROOM,10000.0,17035.0,322.5806451612903,549.516129032258
1992,Mature,2 ROOM,20000.0,34070.0,461.4814814814815,786.1337037037038
1992,Mature,3 ROOM,47000.0,80064.5,701.4925373134329,1194.9925373134329
1992,Mature,4 ROOM,91000.0,155018.5,989.7692869819397,1686.0719803737343
1992,Mature,5 ROOM,165000.0,281077.5,1344.5378151260504,2290.4201680672268
1992,Mature,EXECUTIVE,230000.0,391805.0,1548.6204900636696,2638.0750048234613
1992,Mature,MULTI GENERATION,289000.0,492311.5,1746.2212486308872,2974.6878970427165
1992,Non-Mature,3 ROOM,42560.0,72500.95999999999,626.8656716417911,1067.865671641791
1992,Non-Mature,4 ROOM,80000.0,136280.0,817.7447552447552,1393.0281905594406
1992,Non-Mature,5 ROOM,138000.0,235083.0,1084.6153846153843,1847.642307692308
1992,Non-Mature,EXECUTIVE,200000.0,340700.0,1366.6666666666667,2328.116666666667
1992,Non-Mature,MULTI GENERATION,217500.0,370511.25,1302.7840562551573,2219.2926398306604
1993,Mature,1 ROOM,17150.0,28182.595,566.1846496106785,930.411234705228
1993,Mature,2 ROOM,36000.0,59158.8,800.0,1314.64
1993,Mature,3 ROOM,75000.0,123247.5,1097.560975609756,1803.621951219512
1993,Mature,4 ROOM,140000.0,230062.0,1521.7391304347825,2500.6739130434785
1993,Mature,5 ROOM,243000.0,399321.9,1976.744186046512,3248.3837209302324
1993,Mature,EXECUTIVE,320000.0,525856.0,2152.54782928624,3537.281847866078
1993,Mature,MULTI GENERATION,310000.0,509423.0,1965.625,3230.1115625
1993,Non-Mature,3 ROOM,67000.0,110101.1,971.0084033613446,1595.6581092436973
1993,Non-Mature,4 ROOM,130000.0,213629.0,1363.3658008658008,2240.4190205627706
1993,Non-Mature,5 ROOM,210000.0,345093.0,1683.3333333333333,2766.2216666666664
1993,Non-Mature,EXECUTIVE,285000.0,468340.5,1931.2706660368444,3173.6570854983465
1993,Non-Mature,MULTI GENERATION,262500.0,431366.25,1544.6927374301677,2538.3935754189943
1994,Mature,1 ROOM,25000.0,40525.0,806.4516129032259,1307.258064516129
1994,Mature,2 ROOM,44000.0,71324.0,1000.0,1621.0
1994,Mature,3 ROOM,94000.0,152374.0,1384.6153846153843,2244.4615384615386
1994,Mature,4 ROOM,180000.0,291780.0,1904.7619047619048,3087.619047619048
1994,Mature,5 ROOM,296000.0,479816.0,2400.0,3890.4
1994,Mature,EXECUTIVE,385500.0,624895.5,2617.44966442953,4242.885906040268
1994,Mature,MULTI GENERATION,420000.0,680820.0,2590.3614457831327,4198.975903614458
1994,Non-Mature,3 ROOM,87000.0,141027.0,1250.0,2026.25
1994,Non-Mature,4 ROOM,163000.0,264223.0,1666.6666666666667,2701.6666666666665
1994,Non-Mature,5 ROOM,258000.0,418218.0,2080.536912751678,3372.55033557047
1994,Non-Mature,EXECUTIVE,350000.0,567350.0,2364.864864864865,3833.445945945946
1994,Non-Mature,MULTI GENERATION,382500.0,620032.5,2288.5440795748736,3709.7299529908705
1995,Mature,1 ROOM,36000.0,57790.8,1206.896551724138,1937.4310344827584
1995,Mature,2 ROOM,60000.0,96318.0,1329.8936170212764,2134.8782234042556
1995,Mature,3 ROOM,125000.0,200662.5,1835.6164383561645,2946.7150684931507
1995,Mature,4 ROOM,230000.0,369219.0,2395.6043956043954,3845.6637362637366
1995,Mature,5 ROOM,360000.0,577908.0,2920.0,4687.476
1995,Mature,EXECUTIVE,470000.0,754491.0,3178.807947019868,5102.940397350993
1995,Mature,MULTI GENERATION,531500.0,853216.95,3245.6915680473376,5210.30867418639
1995,Non-Mature,2 ROOM,45500.0,73041.15,1011.1111111111112,1623.1366666666663
1995,Non-Mature,3 ROOM,111000.0,178188.3,1597.0149253731342,2563.688059701492
1995,Non-Mature,4 ROOM,198000.0,317849.4,2053.0663329161453,3295.787384230288
1995,Non-Mature,5 ROOM,308000.0,494432.4,2483.3287024173383,3986.487565990553
1995,Non-Mature,EXECUTIVE,418000.0,671015.3999999999,2823.926868044515,4533.24980127186
1995,Non-Mature,MULTI GENERATION,470000.0,754491.0,2821.2290502793294,4528.918994413408
1996,Mature,1 ROOM,52000.0,82706.0,1724.1379310344828,2742.2413793103447
1996,Mature,2 ROOM,85000.0,135192.5,1881.3938618925831,2992.3569373401533
1996,Mature,3 ROOM,178000.0,283109.0,2633.333333333333,4188.316666666667
1996,Mature,4 ROOM,312500.0,497031.25,3317.3076923076924,5276.177884615385
1996,Mature,5 ROOM,470000.0,747535.0,3800.0,6043.9
1996,Mature,EXECUTIVE,610000.0,970205.0,4109.58904109589,6536.301369863014
1996,Mature,MULTI GENERATION,624000.0,992472.0,4143.939393939394,6590.935606060606
1996,Non-Mature,3 ROOM,160000.0,254480.0,2297.297297297297,3653.8513513513512
1996,Non-Mature,4 ROOM,270000.0,429435.0,2807.692307692308,4465.634615384615
1996,Non-Mature,5 ROOM,400000.0,636200.0,3214.285714285714,5112.321428571428
1996,Non-Mature,EXECUTIVE,540000.0,858870.0,3648.6486486486488,5803.175675675676
1996,Non-Mature,MULTI GENERATION,580000.0,922490.0,3597.560975609756,5721.920731707318
1997,Mature,1 ROOM,65500.0,101217.15,2200.222469410456,3400.0037819799777
1997,Mature,2 ROOM,107000.0,165347.1,2367.3469387755104,3658.261224489796
1997,Mature,3 ROOM,205000.0,316786.5,2972.972972972973,4594.135135135135
1997,Mature,4 ROOM,325000.0,502222.5,3369.04761904762,5206.189285714286
1997,Mature,5 ROOM,460000.0,710838.0,3728.813559322034,5762.135593220339
1997,Mature,EXECUTIVE,586000.0,905545.8,3983.3333333333335,6155.445
1997,Mature,MULTI GENERATION,625000.0,965812.5,4024.6611445783133,6219.308866716868
1997,Non-Mature,3 ROOM,180000.0,278154.0,2567.5675675675675,3967.662162162162
1997,Non-Mature,4 ROOM,285000.0,440410.5,2891.5662650602408,4468.337349397591
1997,Non-Mature,5 ROOM,403000.0,622755.9,3239.669421487604,5006.261157024794
1997,Non-Mature,EXECUTIVE,530000.0,819009.0,3595.169637722829,5555.615641173088
1997,Non-Mature,MULTI GENERATION,590000.0,911727.0,3584.9056603773583,5539.754716981132
1998,Mature,1 ROOM,46000.0,69299.0,1577.5862068965516,2376.633620689656
1998,Mature,2 ROOM,80000.0,120520.0,1772.9166666666665,2670.898958333333
1998,Mature,3 ROOM,160000.0,241040.0,2342.4657534246576,3528.9246575342468
1998,Mature,4 ROOM,272000.0,409768.0,2788.4615384615386,4200.817307692308
1998,Mature,5 ROOM,387000.0,583015.5,3107.2904368358913,4681.13304309327
1998,Mature,EXECUTIVE,497000.0,748730.5,3376.7123287671234,5087.017123287671
1998,Mature,MULTI GENERATION,549000.0,827068.5,3425.033921302578,5159.813602442334
1998,Non-Mature,2 ROOM,79500.0,119766.75,1766.6666666666665,2661.4833333333336
1998,Non-Mature,3 ROOM,142000.0,213923.0,2041.0958904109589,3074.910958904109
1998,Non-Mature,4 ROOM,237000.0,357040.5,2384.6153846153848,3592.423076923077
1998,Non-Mature,5 ROOM,340000.0,512210.0,2727.2727272727275,4108.636363636364
1998,Non-Mature,EXECUTIVE,450000.0,677925.0,3020.13422818792,4549.832214765101
1998,Non-Mature,MULTI GENERATION,501500.0,755509.75,3097.5609756097565,4666.475609756098
1999,Mature,1 ROOM,47000.0,71717.3,1580.645161290323,2411.906451612904
1999,Mature,2 ROOM,74000.0,112916.6,1630.4347826086955,2487.8804347826085
1999,Mature,3 ROOM,148500.0,226596.15,2201.923076923077,3359.914423076923
1999,Mature,4 ROOM,260000.0,396734.0,2642.8571428571427,4032.735714285714
1999,Mature,5 ROOM,369000.0,563057.1,2966.804407713498,4527.046845730028
1999,Mature,EXECUTIVE,465000.0,709543.5,3144.8275862068967,4798.692413793104
1999,Mature,MULTI GENERATION,490000.0,747691.0,2951.8072289156626,4504.1626506024095
1999,Non-Mature,2 ROOM,75000.0,114442.5,1350.877192982456,2061.30350877193
1999,Non-Mature,3 ROOM,133000.0,202944.7,1910.44776119403,2915.1522388059702
1999,Non-Mature,4 ROOM,225000.0,343327.5,2252.747252747253,3437.467032967033
1999,Non-Mature,5 ROOM,325000.0,495917.5,2583.9463087248323,3942.843672483222
1999,Non-Mature,EXECUTIVE,420000.0,640878.0,2745.098039215686,4188.745098039216
1999,Non-Mature,MULTI GENERATION,442000.0,674447.8,2695.121951219512,4112.486585365854
2000,Mature,1 ROOM,48000.0,71236.8,1551.7241379310344,2302.9137931034484
2000,Mature,2 ROOM,83000.0,123180.3,1838.1698685540948,2728.027901921132
2000,Mature,3 ROOM,161500.0,239682.15,2397.058823529412,3557.475
2000,Mature,4 ROOM,278000.0,412579.8,2792.356849876948,4144.136800902379
2000,Mature,5 ROOM,395000.0,586219.5,3162.7906976744184,4693.897674418605
2000,Mature,EXECUTIVE,508000.0,753922.8,3469.387755102041,5148.918367346939
2000,Mature,MULTI GENERATION,530000.0,786573.0,3445.7831325301204,5113.886746987952
2000,Non-Mature,2 ROOM,80000.0,118728.0,1415.7268170426064,2101.080169172932
2000,Non-Mature,3 ROOM,146000.0,216678.6,2085.3658536585367,3094.891463414634
2000,Non-Mature,4 ROOM,234000.0,347279.4,2336.538461538461,3467.6567307692308
2000,Non-Mature,5 ROOM,332000.0,492721.2,2647.5409836065573,3929.215573770492
2000,Non-Mature,EXECUTIVE,445000.0,660424.5,2944.8275862068967,4370.418620689655
2000,Non-Mature,MULTI GENERATION,453000.0,672297.3,2754.7169811320755,4088.2754716981135
2001,Mature,1 ROOM,40000.0,58244.0,1344.8275862068965,1958.2034482758625
2001,Mature,2 ROOM,78000.0,113575.8,1714.2857142857142,2496.1714285714284
2001,Mature,3 ROOM,149000.0,216958.9,2208.955223880597,3216.459701492537
2001,Mature,4 ROOM,256000.0,372761.6,2571.428571428572,3744.257142857143
2001,Mature,5 ROOM,362000.0,527108.2,2941.176470588235,4282.64705882353
2001,Mature,EXECUTIVE,477000.0,694559.7,3265.30612244898,4754.61224489796
2001,Mature,MULTI GENERATION,498000.0,725137.8,3042.168674698796,4429.701807228916
2001,Non-Mature,2 ROOM,75000.0,109207.5,1315.7894736842106,1915.921052631579
2001,Non-Mature,3 ROOM,132500.0,192933.25,1891.891891891892,2754.783783783784
2001,Non-Mature,4 ROOM,214000.0,311605.4,2135.0,3108.7735
2001,Non-Mature,5 ROOM,300000.0,436830.0,2440.944881889764,3554.259842519685
2001,Non-Mature,EXECUTIVE,408000.0,594088.8,2741.496598639456,3991.893197278912
2001,Non-Mature,MULTI GENERATION,436500.0,635587.65,2669.815202753254,3887.517916729014
2002,Mature,1 ROOM,44000.0,65507.2,1448.2758620689656,2156.193103448276
2002,Mature,2 ROOM,81000.0,120592.8,1792.857142857143,2669.2057142857143
2002,Mature,3 ROOM,148000.0,220342.4,2205.8823529411766,3284.1176470588234
2002,Mature,4 ROOM,245000.0,364756.0,2464.285714285714,3668.828571428571
2002,Mature,5 ROOM,347000.0,516613.6,2812.7540650406504,4187.62825203252
2002,Mature,EXECUTIVE,443800.0,660729.44,3033.333333333333,4516.026666666667
2002,Mature,MULTI GENERATION,475000.0,707180.0,2861.4457831325303,4260.120481927711
2002,Non-Mature,2 ROOM,66000.0,98260.8,1175.438596491228,1749.9929824561405
2002,Non-Mature,3 ROOM,129000.0,192055.2,1864.2324093816633,2775.4692110874203
2002,Non-Mature,4 ROOM,205000.0,305204.0,2053.191489361702,3056.7914893617026
2002,Non-Mature,5 ROOM,290000.0,431752.0,2358.0284552845524,3510.6327642276424
2002,Non-Mature,EXECUTIVE,397500.0,591798.0,2699.343601184092,4018.782753442876
2002,Non-Mature,MULTI GENERATION,428250.0,637578.6000000001,2611.2804878048782,3887.674390243903
2003,Mature,1 ROOM,55000.0,82159.0,1774.1935483870968,2650.2903225806454
2003,Mature,2 ROOM,95000.0,141911.0,2090.909090909091,3123.4
2003,Mature,3 ROOM,167000.0,249464.6,2462.686567164179,3678.76119402985
2003,Mature,4 ROOM,248000.0,370462.4,2543.373745819398,3799.291701505017
2003,Mature,5 ROOM,346000.0,516854.8000000001,2800.0,4182.64
2003,Mature,EXECUTIVE,428000.0,639346.4,2911.2617649799645,4348.842824527072
2003,Mature,MULTI GENERATION,460000.0,687148.0,2771.0843373493976,4139.44578313253
2003,Non-Mature,2 ROOM,85000.0,126973.0,1491.2280701754387,2227.5964912280697
2003,Non-Mature,3 ROOM,145000.0,216601.0,2073.170731707317,3096.9024390243903
2003,Non-Mature,4 ROOM,217000.0,324154.6,2165.0485436893205,3234.149514563107
2003,Non-Mature,5 ROOM,295650.0,441641.97,2413.9278017241377,3605.925350215517
2003,Non-Mature,EXECUTIVE,390000.0,582582.0,2650.9493670886077,3959.988164556962
2003,Non-Mature,MULTI GENERATION,420000.0,627396.0,2384.1059602649007,3561.377483443709
2004,Mature,1 ROOM,63000.0,94203.9,2032.258064516129,3038.8354838709674
2004,Mature,2 ROOM,108000.0,161492.4,2369.5652173913045,3543.2108695652178
2004,Mature,3 ROOM,178500.0,266911.05,2640.845070422535,3948.855633802817
2004,Mature,4 ROOM,254000.0,379806.2,2619.04761904762,3916.2619047619046
2004,Mature,5 ROOM,340000.0,508402.0,2732.394366197183,4085.749295774648
2004,Mature,EXECUTIVE,405000.0,605596.5,2750.0,4112.075
2004,Mature,MULTI GENERATION,430000.0,642979.0,2590.3614457831327,3873.3674698795176
2004,Non-Mature,2 ROOM,92000.0,137567.6,2044.4444444444443,3057.057777777778
2004,Non-Mature,3 ROOM,161500.0,241490.95,2328.5714285714284,3481.9128571428573
2004,Non-Mature,4 ROOM,227000.0,339433.1,2297.1635001337972,3434.9485817500668
2004,Non-Mature,5 ROOM,290000.0,433637.0,2413.793103448276,3609.344827586207
2004,Non-Mature,EXECUTIVE,369250.0,552139.5249999999,2516.892663105511,3763.50959914167
2004,Non-Mature,MULTI GENERATION,415000.0,620549.5,2346.3687150837986,3508.5251396648046
2005,Mature,1 ROOM,75000.0,110752.5,2419.3548387096776,3572.6612903225805
2005,Mature,2 ROOM,112000.0,165390.4,2454.5454545454545,3624.627272727273
2005,Mature,3 ROOM,172000.0,253992.4,2553.5714285714284,3770.858928571429
2005,Mature,4 ROOM,248000.0,366221.6,2553.191489361702,3770.297872340425
2005,Mature,5 ROOM,322000.0,475497.4,2620.967741935484,3870.383064516129
2005,Mature,EXECUTIVE,380000.0,561146.0,2573.426573426573,3800.1790209790206
2005,Mature,MULTI GENERATION,466500.0,688880.55,2819.1493245710108,4163.0378075940125
2005,Non-Mature,2 ROOM,88000.0,129949.6,1955.555555555556,2887.768888888889
2005,Non-Mature,3 ROOM,158000.0,233318.6,2270.2702702702704,3352.508108108108
2005,Non-Mature,4 ROOM,223000.0,329304.1,2285.714285714286,3375.314285714285
2005,Non-Mature,5 ROOM,280000.0,413476.0,2353.8074712643675,3475.8674928160917
2005,Non-Mature,EXECUTIVE,345000.0,509461.5,2391.608391608392,3531.688111888112
2005,Non-Mature,MULTI GENERATION,390000.0,575913.0,2378.048780487805,3511.664634146341
2006,Mature,1 ROOM,84500.0,120809.65,2725.8064516129034,3897.0854838709674
2006,Mature,2 ROOM,119000.0,170134.3,2608.695652173913,3729.652173913044
2006,Mature,3 ROOM,169000.0,241619.3,2530.3030303030305,3617.5742424242426
2006,Mature,4 ROOM,250000.0,357425.0,2571.428571428572,3676.3714285714286
2006,Mature,5 ROOM,325000.0,464652.5,2644.628099173554,3781.0247933884298
2006,Mature,EXECUTIVE,375000.0,536137.5,2552.4475524475524,3649.2342657342656
2006,Mature,MULTI GENERATION,490000.0,700553.0,2969.696969696969,4245.775757575758
2006,Non-Mature,3 ROOM,153000.0,218744.1,2208.955223880597,3158.1432835820897
2006,Non-Mature,4 ROOM,221000.0,315963.7,2270.4166666666665,3246.014708333333
2006,Non-Mature,5 ROOM,280000.0,400316.0,2377.0491803278687,3398.467213114754
2006,Non-Mature,EXECUTIVE,339000.0,484668.3000000001,2340.351654846336,3346.0007609338063
2006,Non-Mature,MULTI GENERATION,386500.0,552579.05,2322.279275424334,3320.1626800741687
2007,Mature,1 ROOM,94500.0,134794.8,3048.3870967741937,4348.2193548387095
2007,Mature,2 ROOM,130200.0,185717.28,2928.5714285714284,4177.314285714286
2007,Mature,3 ROOM,185000.0,263884.0,2743.9024390243903,3913.9024390243903
2007,Mature,4 ROOM,273000.0,389407.2,2810.0,4008.184
2007,Mature,5 ROOM,365000.0,520636.0,2958.333333333333,4219.766666666666
2007,Mature,EXECUTIVE,402000.0,573412.8,2745.098039215686,3915.607843137255
2007,Mature,MULTI GENERATION,430000.0,613352.0,2830.789235639982,4037.8377657168703
2007,Non-Mature,2 ROOM,110000.0,156904.0,2444.4444444444443,3486.7555555555555
2007,Non-Mature,3 ROOM,160000.0,228224.0,2313.4328358208954,3299.8805970149256
2007,Non-Mature,4 ROOM,232000.0,330924.8,2407.766990291262,3434.438834951457
2007,Non-Mature,5 ROOM,294000.0,419361.6,2543.8596491228072,3628.561403508772
2007,Non-Mature,EXECUTIVE,353000.0,503519.2,2446.808510638298,3490.127659574468
2007,Non-Mature,MULTI GENERATION,387000.0,552016.8,2312.925170068027,3299.156462585034
2008,Mature,1 ROOM,123000.0,152581.5,3967.741935483871,4921.9838709677415
2008,Mature,2 ROOM,162250.0,201271.125,3601.136363636364,4467.20965909091
2008,Mature,3 ROOM,233000.0,289036.5,3461.538461538461,4294.038461538462
2008,Mature,4 ROOM,335100.0,415691.55,3509.6153846153848,4353.677884615385
2008,Mature,5 ROOM,438000.0,543339.0,3601.4459195224863,4467.593663167644
2008,Mature,EXECUTIVE,490000.0,607845.0,3349.0857298376122,4154.540847863558
2008,Mature,MULTI GENERATION,537500.0,666768.75,3247.5355969331877,4028.5679079956194
2008,Non-Mature,2 ROOM,130400.0,161761.2,2897.7777777777774,3594.6933333333336
2008,Non-Mature,3 ROOM,198000.0,245619.0,2881.35593220339,3574.322033898305
2008,Non-Mature,4 ROOM,282000.0,349821.0,2912.087912087912,3612.445054945055
2008,Non-Mature,5 ROOM,352000.0,436656.0,3065.0,3802.1325
2008,Non-Mature,EXECUTIVE,420000.0,521010.0,2929.5774647887324,3634.140845070423
2008,Non-Mature,MULTI GENERATION,452000.0,560706.0,2859.756097560976,3547.5274390243903
2009,Mature,1 ROOM,151500.0,184284.6,4887.096774193548,5944.664516129033
2009,Mature,2 ROOM,184750.0,224729.9,4086.9565217391305,4971.373913043479
2009,Mature,3 ROOM,255694.0,311026.1816,3779.4117647058815,4597.276470588236
2009,Mature,4 ROOM,354000.0,430605.6,3695.652173913044,4495.391304347826
2009,Mature,5 ROOM,450000.0,547380.0,3688.524590163935,4486.7213114754095
2009,Mature,EXECUTIVE,501000.0,609416.4,3404.255319148936,4140.936170212766
2009,Mature,MULTI GENERATION,574000.0,698213.6,3469.149324571011,4219.873238408179
2009,Non-Mature,2 ROOM,127000.0,154482.8,2822.222222222222,3432.951111111111
2009,Non-Mature,3 ROOM,225000.0,273690.0,3279.4117647058824,3989.076470588236
2009,Non-Mature,4 ROOM,306294.0,372576.0216,3154.7619047619046,3837.4523809523807
2009,Non-Mature,5 ROOM,373000.0,453717.2,3262.5590909090906,3968.5768781818188
2009,Non-Mature,EXECUTIVE,443000.0,538865.2,3094.0598872253554,3763.6144468209213
2009,Non-Mature,MULTI GENERATION,486000.0,591170.4,2871.345029239766,3492.704093567252
2010,Mature,1 ROOM,191000.0,227251.8,6161.290322580645,7330.703225806451
2010,Mature,2 ROOM,215000.0,255807.0,4760.434782608696,5663.9653043478265
2010,Mature,3 ROOM,295000.0,350991.0,4358.20895522388,5185.397014925373
2010,Mature,4 ROOM,398000.0,473540.4,4130.434782608696,4914.391304347826
2010,Mature,5 ROOM,508000.0,604418.4,4152.542372881356,4940.6949152542375
2010,Mature,EXECUTIVE,550000.0,654390.0,3740.6293706293704,4450.600825174825
2010,Mature,MULTI GENERATION,686500.0,816797.7,4160.60606060606,4950.289090909091
2010,Non-Mature,2 ROOM,200000.0,237960.0,4255.31914893617,5062.978723404255
2010,Non-Mature,3 ROOM,262000.0,311727.6,3805.970149253732,4528.3432835820895
2010,Non-Mature,4 ROOM,345000.0,410481.0,3543.6893203883496,4216.281553398058
2010,Non-Mature,5 ROOM,415000.0,493767.0,3592.20251293422,4274.0025498891355
2010,Non-Mature,EXECUTIVE,495000.0,588951.0,3446.808510638298,4101.012765957447
2010,Non-Mature,MULTI GENERATION,596000.0,709120.8,3486.093281985451,4147.753786906291
2011,Mature,1 ROOM,216500.0,236309.75,6983.870967741936,7622.895161290323
2011,Mature,2 ROOM,252000.0,275058.0,5645.235892691951,6161.774976873266
2011,Mature,3 ROOM,330000.0,360195.0,4897.058823529412,5345.139705882353
2011,Mature,4 ROOM,445000.0,485717.5,4642.857142857143,5067.678571428572
2011,Mature,5 ROOM,570000.0,622155.0,4621.848739495798,5044.747899159664
2011,Mature,EXECUTIVE,615000.0,671272.5,4166.666666666667,4547.916666666667
2011,Mature,MULTI GENERATION,710000.0,774965.0,4468.662674650699,4877.5453093812375
2011,Non-Mature,2 ROOM,231000.0,252136.5,5111.111111111111,5578.777777777777
2011,Non-Mature,3 ROOM,300000.0,327450.0,4345.906194163193,4743.556610929124
2011,Non-Mature,4 ROOM,391000.0,426776.5,4032.258064516129,4401.209677419355
2011,Non-Mature,5 ROOM,463000.0,505364.5,4000.0,4366.0
2011,Non-Mature,EXECUTIVE,550000.0,600325.0,3873.239436619718,4227.640845070423
2011,Non-Mature,MULTI GENERATION,670500.0,731850.75,4004.172015404365,4370.5537548138645
2012,Mature,1 ROOM,237000.0,238611.59999999998,7645.1612903225805,7697.148387096773
2012,Mature,2 ROOM,268000.0,269822.4,5937.5,5977.875
2012,Mature,3 ROOM,356000.0,358420.8,5276.923076923077,5312.806153846154
2012,Mature,4 ROOM,475000.0,478230.0,4967.391304347826,5001.169565217391
2012,Mature,5 ROOM,600000.0,604080.0,4917.011019283747,4950.446694214876
2012,Mature,EXECUTIVE,675000.0,679590.0,4593.103448275862,4624.336551724138
2012,Mature,MULTI GENERATION,810000.0,815508.0,5484.848484848485,5522.145454545454
2012,Non-Mature,2 ROOM,260500.0,262271.4,5518.1623931623935,5555.6858974358975
2012,Non-Mature,3 ROOM,328000.0,330230.4,4750.0,4782.3
2012,Non-Mature,4 ROOM,421000.0,423862.8,4346.153846153846,4375.707692307692
2012,Non-Mature,5 ROOM,500000.0,503400.0,4306.306306306306,4335.58918918919
2012,Non-Mature,EXECUTIVE,595500.0,599549.4,4230.463980463981,4259.231135531136
2012,Non-Mature,MULTI GENERATION,708000.0,712814.4,4343.558282208589,4373.094478527608
2013,Mature,1 ROOM,239000.0,233981.0,7709.677419354839,7547.774193548386
2013,Mature,2 ROOM,278944.0,273086.176,6082.693947144075,5954.95737425405
2013,Mature,3 ROOM,364000.0,356356.0,5406.406406406406,5292.871871871872
2013,Mature,4 ROOM,500000.0,489500.0,5202.020202020202,5092.777777777777
2013,Mature,5 ROOM,635000.0,621665.0,5166.666666666667,5058.166666666667
2013,Mature,EXECUTIVE,700000.0,685300.0,4789.471092287993,4688.892199349946
2013,Mature,MULTI GENERATION,855000.0,837045.0,5150.602409638554,5042.439759036144
2013,Non-Mature,2 ROOM,261500.0,256008.5,5800.0,5678.2
2013,Non-Mature,3 ROOM,338000.0,330902.0,4880.5970149253735,4778.104477611941
2013,Non-Mature,4 ROOM,435000.0,425865.0,4504.856199905705,4410.2542197076855
2013,Non-Mature,5 ROOM,514000.0,503206.0,4409.090909090909,4316.5
2013,Non-Mature,EXECUTIVE,622000.0,608938.0,4406.723706530958,4314.182508693808
2013,Non-Mature,MULTI GENERATION,726000.0,710754.0,4676.829268292683,4578.615853658536
2014,Mature,1 ROOM,225000.0,220005.0,7258.064516129032,7096.935483870968
2014,Mature,2 ROOM,265000.0,259117.0,5818.087855297157,5688.926304909561
2014,Mature,3 ROOM,345000.0,337341.0,5076.923076923077,4964.215384615384
2014,Mature,4 ROOM,468800.0,458392.64,4895.833333333333,4787.145833333333
2014,Mature,5 ROOM,610000.0,596458.0,5032.949734013679,4921.218249918576
2014,Mature,EXECUTIVE,685000.0,669793.0,4629.62962962963,4526.851851851852
2014,Non-Mature,2 ROOM,255000.0,249339.0,5555.555555555556,5432.222222222223
2014,Non-Mature,3 ROOM,310000.0,303118.0,4522.388059701492,4421.991044776119
2014,Non-Mature,4 ROOM,400000.0,391120.0,4180.476190476191,4087.669619047619
2014,Non-Mature,5 ROOM,475000.0,464455.0,4090.909090909091,4000.090909090909
2014,Non-Mature,EXECUTIVE,590500.0,577390.9,4212.328767123287,4118.815068493151
2014,Non-Mature,MULTI GENERATION,690000.0,674682.0,4666.666666666667,4563.066666666667
2015,Mature,1 ROOM,208000.0,210849.6,6709.677419354839,6801.6
2015,Mature,2 ROOM,245000.0,248356.5,5510.657596371882,5586.153605442178
2015,Mature,3 ROOM,325000.0,329452.5,4794.520547945205,4860.205479452055
2015,Mature,4 ROOM,460000.0,466302.0,4838.709677419355,4905.0
2015,Mature,5 ROOM,595000.0,603151.5,4859.504132231405,4926.079338842975
2015,Mature,EXECUTIVE,670000.0,679179.0,4543.854033290652,4606.104833546735
2015,Mature,MULTI GENERATION,805000.0,816028.5,5476.190476190476,5551.214285714285
2015,Non-Mature,2 ROOM,254000.0,257479.8,5316.666666666666,5389.504999999999
2015,Non-Mature,3 ROOM,290000.0,293973.0,4219.178082191781,4276.980821917808
2015,Non-Mature,4 ROOM,376000.0,381151.2,3942.307692307693,3996.317307692308
2015,Non-Mature,5 ROOM,448888.0,455037.7656,3863.636363636364,3916.568181818182
2015,Non-Mature,EXECUTIVE,575000.0,582877.5,4083.132867132867,4139.071787412588
2016,Mature,1 ROOM,213000.0,225098.4,6870.967741935484,7261.238709677419
2016,Mature,2 ROOM,240000.0,253632.0,5454.545454545455,5764.363636363636
2016,Mature,3 ROOM,320000.0,338176.0,4726.027397260274,4994.465753424657
2016,Mature,4 ROOM,467000.0,493525.6,4913.04347826087,5192.104347826086
2016,Mature,5 ROOM,625000.0,660500.0,5133.399209486166,5424.97628458498
2016,Mature,EXECUTIVE,680000.0,718624.0,4594.594594594595,4855.567567567568
2016,Mature,MULTI GENERATION,818000.0,864462.4,4927.710843373494,5207.604819277109
2016,Non-Mature,2 ROOM,255500.0,270012.4,5445.0,5754.276
2016,Non-Mature,3 ROOM,286888.0,303183.2384,4166.666666666667,4403.333333333333
2016,Non-Mature,4 ROOM,380000.0,401584.0,3956.043956043956,4180.747252747253
2016,Non-Mature,5 ROOM,445000.0,470276.0,3842.504347826087,4060.758594782609
2016,Non-Mature,EXECUTIVE,571000.0,603432.8,4051.094890510949,4281.19708029197
2016,Non-Mature,MULTI GENERATION,688000.0,727078.4,4220.858895705522,4460.603680981595
2017,Mature,1 ROOM,203000.0,220112.9,6548.387096774193,7100.416129032258
2017,Mature,2 ROOM,230000.0,249389.0,5177.1241830065355,5613.555751633987
2017,Mature,3 ROOM,319500.0,346433.85,4666.666666666667,5060.066666666667
2017,Mature,4 ROOM,480000.0,520464.0,5108.111266947172,5538.725046750818
2017,Mature,5 ROOM,640000.0,693952.0,5320.0,5768.476
2017,Mature,EXECUTIVE,682000.0,739492.6,4652.777777777777,5045.006944444444
2017,Mature,MULTI GENERATION,870000.0,943341.0,5458.974358974359,5919.165897435898
2017,Non-Mature,2 ROOM,255000.0,276496.5,5425.531914893617,5882.904255319149
2017,Non-Mature,3 ROOM,280000.0,303604.0,4031.25,4371.084375
2017,Non-Mature,4 ROOM,375000.0,406612.5,3952.9346622369876,4286.167054263566
2017,Non-Mature,5 ROOM,440000.0,477092.0,3818.181818181818,4140.054545454545
2017,Non-Mature,EXECUTIVE,570000.0,618051.0,4041.095890410959,4381.760273972603
2017,Non-Mature,MULTI GENERATION,697500.0,756299.25,4259.221576824892,4618.2739557512305
2018,Mature,1 ROOM,180000.0,197820.0,5806.451612903225,6381.290322580645
2018,Mature,2 ROOM,220000.0,241780.0,5000.0,5495.0
2018,Mature,3 ROOM,308000.0,338492.0,4477.611940298508,4920.895522388059
2018,Mature,4 ROOM,480000.0,527520.0,5075.471698113208,5577.943396226415
2018,Mature,5 ROOM,635000.0,697865.0,5204.918032786885,5720.204918032787
2018,Mature,EXECUTIVE,690000.0,758310.0,4678.571428571428,5141.75
2018,Mature,MULTI GENERATION,839000.0,922061.0,5226.907630522088,5744.371485943775
2018,Non-Mature,2 ROOM,238000.0,261562.0,5208.333333333333,5723.958333333333
2018,Non-Mature,3 ROOM,270000.0,296730.0,3906.25,4292.96875
2018,Non-Mature,4 ROOM,368000.0,404432.0,3864.731142643764,4247.339525765497
2018,Non-Mature,5 ROOM,430000.0,472570.0,3727.272727272728,4096.272727272727
2018,Non-Mature,EXECUTIVE,560000.0,615440.0,4012.987012987013,4410.272727272727
2018,Non-Mature,MULTI GENERATION,770000.0,846230.0,4573.170731707317,5025.914634146341
2019,Mature,1 ROOM,173268.0,192327.48,5589.290322580645,6204.112258064516
2019,Mature,2 ROOM,206000.0,228660.0,4651.162790697675,5162.790697674419
2019,Mature,3 ROOM,295000.0,327450.0,4294.494720965309,4766.889140271493
2019,Mature,4 ROOM,465000.0,516150.0,4859.289719626167,5393.811588785047
2019,Mature,5 ROOM,623500.0,692085.0,5164.611841213928,5732.719143747459
2019,Mature,EXECUTIVE,695000.0,771450.0,4676.640711902113,5191.071190211345
2019,Mature,MULTI GENERATION,877500.0,974025.0,5560.60606060606,6172.272727272727
2019,Non-Mature,2 ROOM,230000.0,255300.0,4956.521739130435,5501.739130434783
2019,Non-Mature,3 ROOM,270000.0,299700.0,3891.891891891892,4320.0
2019,Non-Mature,4 ROOM,371000.0,411810.0,3923.076923076923,4354.615384615385
2019,Non-Mature,5 ROOM,440000.0,488400.0,3772.727272727273,4187.727272727273
2019,Non-Mature,EXECUTIVE,560000.0,621600.0,3936.170212765957,4369.148936170212
2019,Non-Mature,MULTI GENERATION,753000.0,835830.0,4531.446540880503,5029.905660377359
2020,Mature,1 ROOM,174000.0,193696.8,5612.903225806451,6248.283870967742
2020,Mature,2 ROOM,210000.0,233772.0,4756.09756097561,5294.487804878048
2020,Mature,3 ROOM,298000.0,331733.6,4328.358208955224,4818.328358208955
2020,Mature,4 ROOM,470000.0,523204.0,4940.476190476191,5499.738095238095
2020,Mature,5 ROOM,615000.0,684618.0,5084.745762711865,5660.338983050848
2020,Mature,EXECUTIVE,699999.5,779239.4434,4757.782567049808,5296.363553639847
2020,Mature,MULTI GENERATION,815000.0,907258.0,5075.757575757576,5650.333333333333
2020,Non-Mature,2 ROOM,235800.0,262492.56,5085.106382978724,5660.740425531914
2020,Non-Mature,3 ROOM,290000.0,322828.0,4218.75,4696.3125
2020,Non-Mature,4 ROOM,400000.0,445280.0,4247.311827956989,4728.10752688172
2020,Non-Mature,5 ROOM,466094.0,518855.8408,4036.1998361998367,4493.097657657658
2020,Non-Mature,EXECUTIVE,578000.0,643429.6,4043.664655446173,4501.40749444268
2020,Non-Mature,MULTI GENERATION,750000.0,834900.0,4561.403508771929,5077.754385964912
2021,Mature,1 ROOM,198000.0,217384.2,6387.096774193548,7012.393548387097
2021,Mature,2 ROOM,249000.0,273377.1,5527.777777777777,6068.947222222222
2021,Mature,3 ROOM,335000.0,367796.5,4892.307692307692,5371.264615384615
2021,Mature,4 ROOM,535000.0,587376.5,5645.1612903225805,6197.822580645161
2021,Mature,5 ROOM,670000.0,735593.0,5546.875,6089.9140625
2021,Mature,EXECUTIVE,750000.0,823425.0,5104.895104895105,5604.664335664335
2021,Mature,MULTI GENERATION,850000.0,933215.0,5265.151515151515,5780.609848484848
2021,Non-Mature,2 ROOM,270000.0,296433.0,5851.063829787234,6423.882978723404
2021,Non-Mature,3 ROOM,335000.0,367796.5,4852.941176470588,5328.044117647059
2021,Non-Mature,4 ROOM,452944.0,497287.2176,4838.709677419355,5312.419354838709
2021,Non-Mature,5 ROOM,530000.0,581887.0,4563.636363636364,5010.416363636364
2021,Non-Mature,EXECUTIVE,648000.0,711439.2,4570.37037037037,5017.80962962963
2021,Non-Mature,MULTI GENERATION,860000.0,944194.0,5029.239766081872,5521.602339181287
2022,Mature,1 ROOM,231944.0,241963.98080000002,7482.064516129032,7805.289703225806
2022,Mature,2 ROOM,270000.0,281664.0,5964.826839826839,6222.507359307359
2022,Mature,3 ROOM,368888.0,384823.9616,5384.615384615385,5617.2307692307695
2022,Mature,4 ROOM,575000.0,599840.0,6071.428571428572,6333.714285714285
2022,Mature,5 ROOM,720000.0,751104.0,5932.203389830508,6188.474576271186
2022,Mature,EXECUTIVE,840000.0,876288.0,5734.265734265734,5981.986013986014
2022,Mature,MULTI GENERATION,815500.0,850729.6,5556.39393939394,5796.430157575758
2022,Non-Mature,2 ROOM,307500.0,320784.0,6630.434782608696,6916.869565217391
2022,Non-Mature,3 ROOM,370000.0,385984.0,5354.630136986301,5585.950158904109
2022,Non-Mature,4 ROOM,496000.0,517427.2,5268.817204301075,5496.430107526881
2022,Non-Mature,5 ROOM,580000.0,605056.0,5000.0,5216.0
2022,Non-Mature,EXECUTIVE,720000.0,751104.0,5045.723076923077,5263.698313846153
2022,Non-Mature,MULTI GENERATION,871000.0,908627.2,5327.098608409397,5557.229268292684
2023,Mature,1 ROOM,241500.0,241500.0,7790.322580645161,7790.322580645161
2023,Mature,2 ROOM,288000.0,288000.0,6404.545454545454,6404.545454545454
2023,Mature,3 ROOM,390000.0,390000.0,5673.420895522388,5673.420895522388
2023,Mature,4 ROOM,620000.0,620000.0,6521.739130434783,6521.739130434783
2023,Mature,5 ROOM,735000.0,735000.0,6019.078986410303,6019.078986410303
2023,Mature,EXECUTIVE,885000.0,885000.0,6028.073286052009,6028.073286052009
2023,Non-Mature,2 ROOM,330000.0,330000.0,7187.5,7187.5
2023,Non-Mature,3 ROOM,395000.0,395000.0,5735.294117647059,5735.294117647059
2023,Non-Mature,4 ROOM,530000.0,530000.0,5645.1612903225805,5645.1612903225805
2023,Non-Mature,5 ROOM,620000.0,620000.0,5333.333333333333,5333.333333333333
2023,Non-Mature,EXECUTIVE,770000.0,770000.0,5410.958904109589,5410.958904109589
2023,Non-Mature,MULTI GENERATION,975000.0,975000.0,5880.503144654088,5880.503144654088
2024,Mature,2 ROOM,288000.0,288000.0,6444.444444444444,6444.444444444444
2024,Mature,3 ROOM,400000.0,400000.0,5847.457627118644,5847.457627118644
2024,Mature,4 ROOM,640000.0,640000.0,6629.879120879121,6629.879120879121
2024,Mature,5 ROOM,779500.0,779500.0,6287.411982570806,6287.411982570806
2024,Mature,EXECUTIVE,910000.0,910000.0,6232.876712328767,6232.876712328767
2024,Mature,MULTI GENERATION,1020000.0,1020000.0,6849.487502247797,6849.487502247797
2024,Non-Mature,2 ROOM,337000.0,337000.0,7425.531914893617,7425.531914893617
2024,Non-Mature,3 ROOM,408000.0,408000.0,5895.522388059701,5895.522388059701
2024,Non-Mature,4 ROOM,545000.0,545000.0,5777.777777777777,5777.777777777777
2024,Non-Mature,5 ROOM,630000.0,630000.0,5442.477876106194,5442.477876106194
2024,Non-Mature,EXECUTIVE,793888.0,793888.0,5598.591549295775,5598.591549295775
2024,Non-Mature,MULTI GENERATION,998000.0,998000.0,6085.365853658536,6085.365853658536
